SISN,IMAGE,REF_ADD,REF_FILE,REF_CREATOR,SCALE,CLASS,TITLE,DATECR,SCOPE,CREATOR,PHDESC,GMD,REST,CONT,AOCONT,NOTES,STATUS,WEBL,OPENDATE,BNOTE:BARCODE:BDISPLAY,,
2057342,,RG 45-67,,O/3-5-10,,,Salary Schedules,1990-1998,,,1 file of textual records,textual records,,,,,,Y,2048," :""B842102"":""Y"":",,
1724741,,F 883-2-3,,,,,Hanna Newcombe files - general,1972-1973,"File consists of records pertaining to:  Cross-Cleavage in International Politics by A. J. Miller; records concerning the Canadian Political Science Association; Discontinuities in the Symbolic Environment: A Problem in Scaling Events by Edward E. Azar and Thomas N. Havener; Film Prospectus The Journey or The Geneva Semester on the United Nations System ""The student's place in the world of tomorrow - today""; 1973 Report of the Center for Conflict Resolution; and Peaces and Futures A Symposium on Peace Research. ; Also included are:  University of Illinois campus map; records concerning  the Consortium on Peace Research, Education and Development; Reaction to Superstar A Preliminary Survey; Public Law 87-297, 87th Congress - Arms Control and Disarmament Act; A Historical Inventory of Peace Research by Clinton F. Fink; and Toward a Critical History of Peace Education by Clinton F. Fink.",,1 file of textual records,Textual records,,178,,Originally housed in Box 62.,,Y,," :""B208639"":""Y"":",,
1723990,,F 2162,,,,Written responses - Integrating Research Paper (October 1997),Rebuilding Ontario's Health System: Interim Planning Guidelines and Implementation Strategies a Discussion Paper - a Submission by the Social Services and Senior Citizens Department of the Regional Municipality of Niagara (LTC72),1997,,,1 file of textual records,Textual records,,87,,,,Y,," :""B309499"":""Y"":",,
2066773,,RG 58-9-2,,,,,"Queens University annual public policy forum, April 24, 1998",1998,,,1 file of textual records,textual records,,,,,,Y,2017," :""B819448"":""Y"":",,
1775160,,F 4655-1,F 4655-1-0-3993,77-5113,,,Golden Griddle - opening,"Feb. 27, 1977",,,"59 photographs : 35 colour negatives, 24 black and white negatives, ",Graphic materials,,197,,,,Y,," :""B863212"":""Y"":",,
2039283,,RG 4-32,,65599,,MAG,"Ministry of the Attorney General - Re: Residential Tenancies Act, 1979, and Residential Tenancy Commission 1979",1979-1984,,,3 Files of Textual of Records,textual records,,,,,,Y,2084," :""B833499"":""Y"":",,
2055932,,RG 45-36,,,,,London - strategic planning - The Environmental Management Resource Centre for Business Incorporated - agreement,1994-1995,,,1 file of textual records,textual records,,,,,,Y,2045," :""B815250"":""Y"":",,
2005567,,RG 29-171,,,,,Funding policy - General MET (Ministry of Education and Training),1995,,,1 file of textual records,textual records,,,,,,Y,2015," :""B835669"":""Y"":",,
2098412,,,,H/R/77/159,,,"Dal Bello, Camille, Lot 11, Concession 7, Town of Milton",1977,,,1 file of textual records,,,1993-01572/77-4,,,,Y,," :""B704371"":""Y"":",,
2057228,,RG 45-67,,,,,Shanghai,1997,,,1 file of textual records,textual records,,,,,,Y,2047," :""B842108"":""Y"":",,
1770478,,F 895,F 895-1-0-18,,,,"Peterborough, Durham, Victoria",1812-1856,"Some Registers of Officers of the Upper Canada Militia, 1812-1856, including those for the Peterborough, Durham, and Victoria Regiments. There were many transfers between the various battalions, of officers and names of regiments.  Registers contains the Rank, name, date of Rank and Remarks. Copied from Photostats of Records in the Possession of Library and Archives, Ottawa.",,1 file of textual records,Textual records,,1,,,,Y,," :""B862144"":""Y"":",,
1758083,,RG 45-43,,,,,[Lindsay Aquatorium],1984-1985,,,1 file of textual records,Textual Records,,,,,,Y,2035," :""B345533"":""Y"":",,
2181117,,RG 45-39,,,,Hearings,General [memos],1977-1978,,,1 file of textual records,Textual records,,1981-00808/24,,,,Y,2078," :""B125074"":""Y"":",,
2045149,,RG 43-7,,,,,MIN03-41774,2003,,,1 file of textual records,textual records,,,,,,Y,2023," :""B818797"":""Y"":",,
2106465,,C 285-1,C 285-1-0-0-375,5.6873,,,Leaside - Canada Wire and Cable Company,[ca. 1919-1920],,,1 photograph : black and white print,Graphic materials,,A-1110,,,,Y,," :""B379443   "":""Y"":",,
1679339,,F 2162,,,,,Oshawa General Hospital,1997-1998,,,1 file of textual records,Textual records,,81,,,,Y,," :""B322892"":""Y"":",,
2057827,,RG 47-111,,,,Agency / Board / Commission (ABC) 2360-4-1,(ROM) Royal Ontario Museum - News releases,1996-1997,,,1 file of textual records,,,,,,,Y,2017," :"" "":"" "":",,
2191058,,RG 4-154,,CR020808,,,Employee Incident Report,03-Nov-92,,,68.48 KB of textual records (.pdf),Electronic records,,Restricted. Please contact a Reference Archivist for more information.,,Report ; 1,,Y,," :"" "":"" "":",,
1819445,,RG 10-408,,,,8200-10,Alzheimers Society,1994-1997,,,1 file of textual records,textual records,,,,,,Y,2017," :""B817035"":""Y"":",,
1771698,,F 4655-1,F 4655-1-0-532,71-1650,,,Premiumwares - Chinaware Display Stand - French,"Mar. 9, 1971",,,"2 photographs : 2 black and white negatives, ",Graphic materials,,127,,,,Y,," :""B862767"":""Y"":",,
2194016,,RG 4-154,,CR032181,,,Annual Training and Development Forecast,1977,,,89.93 KB of textual records (.pdf),Electronic records,,Restricted. Please contact a Reference Archivist for more information.,,Financial Document ; 2,,Y,," :"" "":"" "":",,
2058402,,RG 47-111,,,,,(OAC) Ontario Arts Council - Arts in the Community Task Force,2000-2001,,,1 file of textual records,textual records,,,,,,Y,2021," :""B814195"":""Y"":",,
2060278,,RG 47-124,,653-8-1,,,Ontario Anti-Racism Secretariat - policy - general correspondence,1992,,,1 file of textual records,textual records,,,,,,Y,2092," :""B810230"":""Y"":",,
1820527,,RG 10-431,,,,,Clinical Record Committee,1991-1994,,,,,,,,,,Y,2094," :""B816850"":""Y"":",,
1753490,,F 2168-12,,,,,"RNAO News, briefing notes",1990,,,1 file of textual records,Textual records,,138A,,,,Y,," :""B368610"":""Y"":",,
1732714,,RG 14-162,RG 14-162-3-0-0-439,2041S,,,Middle Road (?) - looking east toward bridges and Salisbury Avenue (grading),1938,,,1 photograph : black and white negative,Graphic materials,,A-1180,,,,Y,," :""B410784"":""Y"":",,
1681028,,F 2162,,,,"Haliburton, Kawartha and Pine Ridge",Government plans,1998-1999,,,1 file of textual records,Textual records,,58,,,,Y,," :""B330126"":""Y"":",,
2071453,,RG 65-80-2,,2001NSJI0001,,,"Black River-Matheson, The Corporation of the Township of",1999-2002,,,1 file of textual records,textual records,,,,,,Y,2022," :""B820194"":""Y"":",,
1751637,,F 971,,,,,"Letter to Bishop Lartique - Glengarry (December 1, 1828)",1828,Item consists of correspondence regarding the services of priests on the Ottawa [River?].,,1 item of textual records,1 reel of microfilm (textual records),,"To view, retrieve self-service microfilm reel MS 709, reels 1 and 2",,,,Y,," :""B272881"":""N"":",,
2184778,,RG 45-39,,,,,"Currie, Cooper and Lybrand - B. Yang - Official Plan Review Guidelines",1979,,,1 file of textual records,Textual records,,1982-01271/28,,,,Y,2079," :""B176705"":""Y"":",,
2087061,,RG 74-9,,61-VOL GENR / BIOSGN,,,Biographies - Good Neighbours (GN) [Program] Trust,1993,,,1 file of textual records,textual records,,,,,,Y,2012," :""B810388"":""Y"":",,
1774003,,F 4655-1,F 4655-1-0-2836,75-3956,,,DGS Grinding Ltd. - Production Show,16-May-75,,,"2 photographs : 2 colour negatives, ",Graphic materials,,205,,,,Y,," :""B862763"":""Y"":",,
2072413,,RG 68-12,,,,Ontario Northland Transportation Commission - administration,President's reports,1996-1997,,,1 file of textual records,textual records,,,,,,Y,2017," :""B820289"":""Y"":",,
1679141,,F 2162,,Court File No. M23413,,,"Provincial Superior Anne Russell, Sister Dolores DeMulling, Sister Marilyn LaRocque Sister Theresa Shannon, Sister RoseMarie Kugel, Sister Joan Kalchbrenner, Sister Evelyn Leonard and Religious Hospitallers of Saint Joseph of the Hotel Dieu of Kingston (applicants) and Health Services Restructuring Commission and the Minister of Health (respondents)",1998,File consists of the reply Factum of the Applicants (Appellants) (Motion for leave to Appeal).,,1 file of textual records,Textual records,,75,,,,Y,," :""B322626"":""Y"":",,
2030755,,RG 4-2,,,,Attorney General,FSP- Policy Development [Family Support Plan],1996,,,1 file of textual records,textual records,,,,,,Y,2096," :""B821684"":""Y"":",,
1839572,,RG 16-351,,CO 06 03,,Government of Ontario / Management Board,Management Board Secretariat,1998,,,1 file of textual records,textual records,,,,,,Y,2098," :""B805189"":""Y"":",,
2002512,,RG 2-53,,,,Financial Statements and Schedules,Hastings County Board of Education,1988,,,1 file of textual records,textual records,,,,,,Y,2008," :""B819342"":""Y"":",,
1792592,,F 4655-1,F 4655-1-0-21425,96-B-2557,,,True Temper Hardware - Canadian Hardware Show,"Feb. 4, 1996",,,"2 photographs : 1 colour negative, 1 colour print, ",Graphic materials,,171,,,,Y,," :""B863194"":""Y"":",,
1910964,,RG 22-523,,589/79,,Criminal,Richelieu Dredging Corporation Incorporated,1979-1981,,,1 file of textual records,textual records,,,,,,Y,2081," :""B834303"":""Y"":",,
1781928,,F 4655-1,F 4655-1-0-10761,84-1891,,,Fiberez CMP - Canadian Environmental Exposition (CEX) Show,"Mar. 26, 1984",,,"1 photographs : 1 colour negative, ",Graphic materials,,55,,,,Y,," :""B862883"":""Y"":",,
1789339,,F 4655-1,F 4655-1-0-18172,91-9303,,,Rentex Displays - Toy Show Exhibits,"Jan. 28, 1991",,,"6 photographs : 6 colour negatives, ",,,119,,,,Y,," :""B862839"":""Y"":",,
2105226,,F 1140-7-4,"Houstoun, D. Mackay",,,,Landscape,1959,Item consists of photograph of artwork taken by Nelson C. Hitchinson,,1 photograph : black and white negative,Graphic materials,,,,,,y,," :""B804715"":""Y"":""Original envelopes can be found in:"":""B804711"":""Y"":",,
1788970,,F 4655-1,F 4655-1-0-17803,90-8933,,,"Smyth, Fisher Limited, Cantel - Molson ""Indy""","Jul. 20, 1990",,,"3 photographs : 3 colour negatives, ",,,111,,,,Y,," :""B862836"":""Y"":",,
2088475,,RG 75-27,,NAT 03 02 03 08 90,,,Musselwhite Negotiations Ontario / Windigo / Shibogama,1990,,,1 file of textual records,textual records,,,,,,Y,2010," :""B810000"":""Y"":",,
1771797,,F 4655-1,F 4655-1-0-630,71-1747,,,"Social and Family Services - ""What Will You Do In '72?""","Aug. 13, 1971",,,"6 photographs : 6 black and white negatives, ",Graphic materials,,129,,,,Y,," :""B862768"":""Y"":",,
1890331,,RG 2-241,,,,Special Education Operational Files,Secondary School Education 1986,1986,,,1 file of textual records,textual records,,,,,,Y,2086," :""B851515"":""Y"":",,
1750875,,F 138-9,F 138-9-0-518,,,,Trade mark (Maclean-Hunter Publishing Co. Ltd.) ,1941-1945,,,1 file of textual records,Textual records,,1980-1195/43,,,,Y,," :""B213981"":""Y"":",,
1835907,,RG 14-97,,4021-4,,,Road information & services project,1993,,,1 file of textual records,textual records,,,,,,Y,2013," :""B820007"":""Y"":",,
1819024,,RG 10-408,,,,,Women's Health Bureau,1989-1990,,,1 file of textual records,textual records,,,,,,Y,2010," :""B817115"":""Y"":",,
1788733,,F 4655-1,F 4655-1-0-17566,90-8696,,,Giltspur / Toronto 3M - IAPA,"Apr. 10, 1990",,,"13 photographs : 13 colour negatives, ",,,105,,,,Y,," :""B862834"":""Y"":",,
1823839,,RG 10-6,,,,,171-1 Deputy Minister's Office General Backup 9,1997-1998,,,1 file of textual records,textual records,,,,,,Y,2098," :""B816121"":""Y"":",,
2043063,,RG 43-57,,OHS4 43326-1-33,,Devolution of public housing,Devolution human resources issues,1999,,,1 file of textual records,textual records,,,,,,Y,2019," :""B818924"":""Y"":",,
1773914,,F 4655-1,F 4655-1-0-2747,75-3867,,,Speedrack Ltd. - Production Show,12-May-75,,,"1 photographs : 1 colour negative, ",Graphic materials,,204,,,,Y,," :""B862762"":""Y"":",,
1748046,,F 138-24-6,F 138-24-6-242,,,,Quaker Oats Co. Canada Ltd./Fisher-Price Canada,1986-1988,,,1 file of textual records,Textual records,,24,,,,Y,2018," :""B376365"":""Y"":",,
1828271,,RG 12-54,,AD08 GEE00677 0417,,,General,1988,,,1 file of textual records,textual records,,,,,,Y,2008," :""B814775"":""Y"":",,
1954789,,RG 22-5829,,D3120,,,[no file] - Attorney General; Family Court [3 of 4],1978,,,1 file of textual records,Textual records,,1984-00324/101,,,,Y,2079," :""B161428"":""Y"":",,
2069022,,RG 64-25,,,,,Victims consultation publicity,1984,,,1 file of textual records (includes 7 photographs : black and white prints),Textual records Graphic materials,,1985-01357/V1,,,,Y,2084," :""B144678"":""Y"":",,
1798358,,RG 10-140,,,,,Ministry of Natural Resources - Sault Ste. Marie ( Correspondence ),1993-1996,,,1 file of textual records,textual records,,,,,,Y,2096," :""B817194"":""Y"":",,
2196275,,RG 4-154,,CR045006,,,Defensive Driving General,28-Jan-03,,,46.61 KB of textual records (.pdf),Electronic records,,Restricted. Please contact a Reference Archivist for more information.,,Certificate ; 1,,Y,," :"" "":"" "":",,
1715861,,RG 45-21,,,,,Ian Rowe [expenses],1978,,,1 file of textual    records,,,EDV-00006/G-180,,,,Y,," :""B399370"":""Y"":",,
2198921,,RG 4-154,,CR050195,,,Vocational Services Department - Incident Report,26-Jan-84,,,48.17 KB of textual records (.pdf),Electronic records,,Restricted. Please contact a Reference Archivist for more information.,,Report ; 2,,Y,," :"" "":"" "":",,
2070240,,RG 64-3,,,,,Alcohol Use in Ontario,1974-1976,,,1 file of textual records,Textual records,,1983-00946/10,,,,Y,2077," :""B219290"":""Y"":",,
1769789,,RG 45-47,,93 1000 PC,,General,Energy Liaison and Planning,1993,,,1 file of textual records,Textual Records,,1995-00812/7F,,,,Y,2093," :""B311578"":""Y"":",,
2045558,,RG 43-7,,,,,AMR03-42954 i,2003,,,1 file of textual records,textual records,,,,,,Y,2023," :""B818800"":""Y"":",,
1820568,,RG 10-432,,,,,Medical Advisory Committee Vol 1,1973-1975,,,,textual records,,,,,,Y,2075," :""B816865"":""Y"":",,
1746795,,F 138-20,F 138-20-0-1116,,,"Group ""F,"" John H. Martin, publisher",Confidential revenue sheets,1964,,,1 file of textual records,Textual records,,1980-01195/164,,,,Y,," :""B401644"":""Y"":",,
2049038,,RG 4-37,,301/94,,,Meat Inspection Act (Ontario),1994,,,1 file of textual records,textual records,,,,,,Y,2094," :""B808986"":""Y"":",,
1716398,,RG 2-215,,,,,Universities - Grant regulation (4 of 4),1971-1979,,,1 file of textual records,,,1984-01083/8,,,,Y,," :""B188630"":""Y"":",,
2104305,,,,H/F/78/280,,,"Tuittman, L., part W 1/2 Lot 23, Concession 3, Town of Halton Hills, Halton",1978,,,1 file of textual records,,,1993-01572/78-6,,,,Y,," :""B446145"":""Y"":",,
1775064,,F 4655-1,F 4655-1-0-3897,77-5017,,,Bendex International - Hardware Show,"Feb. 13, 1977",,,"2 photographs : 2 black and white negatives, ",Graphic materials,,196,,,,Y,," :""B863211"":""Y"":",,
1826489,,RG 12-151,,,,,[Dufferin County Waste Mangement Master Plan corresopndence and Steering Committee minutes],1989,,,1 file of textual records,textual records,,,,,,Y,2039," :""B814949"":""Y"":",,
1814212,,RG 10-376,,,,,170-1 Minister's Office General Backup 155,1998,,,1 file of textual records,textual records,,,,,,Y,2098," :""B816097"":""Y"":",,
1667854,,F 846,,,,St. Catherines,General ,1972,,,1 file of textual records,Textual records,,MU8516,,,,Y,," :""B252915"":""Y"":",,
1840518,,RG 16-9,,CO 06 04,,Government of Ontario / Other ministries,Finance,1998,,,1 file of textual records,textual records,,,,,,Y,2098," :""B805208"":""Y"":",,
2048793,,RG 4-37,,460/94,,,Dietetics Act,1994,,,1 file of textual records,textual records,,,,,,Y,2094," :""B808980"":""Y"":",,
1771939,,F 4655-1,F 4655-1-0-772,71-1891,,,Workers Compensation Board (WCB) - Al McDonald Addressing Dairy Council Convention,"Aug. 17, 1971",,,"9 photographs : 9 black and white negatives, ",Graphic materials,,143,,,,Y,," :""B862770"":""Y"":",,
1772309,,F 4655-1,F 4655-1-0-1142,72-2262,,,Elliott Business Machines - C.N.B.S.,"Oct. 4, 1972",,,"3 photographs : 3 colour negatives, ",Graphic materials,,156,,,,Y,," :""B862773"":""Y"":",,
1841886,,RG 19-162,,,,,Order-in-council,1997,,,1 file of textual records,textual records,,,,,,Y,2017," :""B818780"":""Y"":",,
2048556,,RG 4-37,,53/94/,,,Off-Road Vehicles Act,1994,,,1 files of textual records,textual records,,,,,,Y,2094," :""B808973"":""Y"":",,
2128332,,RG 2-312,,,,,Women in educational administration,1988-1989,,,1 file of textual records,Textual Records,,9,,,,Y,," :""B370674"":""Y"":",,
2085649,,RG 74-76,,11-DMO GOVF-FPTCS02,,,Federal / Provincial / Territorial Committee for Seniors,2002,,,1 file of textual records,textual records,,,,,,Y,2102," :""B835050"":""Y"":",,
1770961,,F 895,F 895-1-0-499,,,,Victory Loan Drive 1919,1919,"""The Clean Up"" 1919 Victory Loan Poster. ",,1 file of textual records,Textual records,,,,,,Y,," :""B828355"":""Y"":",,
1796313,,RG 10-124,,N1097,,,Swiss Nursing Home - Stayner,1969-1978,,,1 file of textual records,textual records,,,,,,Y,2078," :""B838217"":""Y"":",,
1727660,,RG 3-57,,CU 1-1,,,Arts and Cultural Programs - Funding - I,1983,,,1 file of textual records,Textual records,,1985-00200/3,,,,Y,2083," :""B118252"":""Y"":",,
2046078,,RG 43-7,,,,,MIN03-44587,2003,,,1 file of textual records,textual records,,,,,,Y,2023," :""B818803"":""Y"":",,
2072527,,RG 68-22,,,,,Pyrok North American Incorporated,1990,,,1 file of textual records,textual records,,,,,,Y,2021," :""B820255"":""Y"":",,
1821179,,RG 10-58,,,,Hospital Planning Branch,Brampton - Chinguacousy,1989-1990,,,1 file of textual records,textual records,,,,,,Y,2040," :""B816560"":""Y"":",,
2058310,,RG 47-111,,,,,(PAC) Public Affairs Committee - Notes process,2001,,,1 file of textual records,textual records,,,,,,Y,2021," :""B814193"":""Y"":",,
1726439,,RG 3-57,,CU 1-1,,,Generating Station - Atikokan - USA Res. [Residents] - Quetico - D - F,1977,,,1 file of textual records,Textual records,,1980-00111/3,,,,Y,2077," :""B141002 "":""Y"":",,
2031631,,RG 42-90,,,,St. Catharines courthouse and registry office,Peto MacCallum Ltd.,1981-1982,,,1 file of textual records,textual records,,,,,,Y,2032," :""B820497"":""Y"":",,
1893172,,RG 2-243,RG 2-243-1,,,,Canada Towards the 21st Century,1991-1992,,,1 file of textual records,textual records,,,,,,Y,2092," :""B819165"":""Y"":",,
2057781,,RG 47-111,,,,Agency / Board / Commission (ABC) 2355-6-6,Auditor's reports,1996,,,1 file of textual records,textual records,,,,,,Y,2016," :""B814213"":""Y"":",,
1764709,,F 1012,,,,,[Statement of account - A. Locking],1889,Original item was in folder 29a. Item number is 1074.,,1 reel of microfilm (textual records),Textual records,,"To view, retrieve self-service microfilm reel MS 177/7.",,,,Y,," :""M053657"":""N"":",,
1725587,,RG 3-57,,CU 1-1,,,Abortions - I - J,1974,,,1 file of textual records,Textual records,,1976-00457/1,,,,Y,2074," :""B112121"":""Y"":",,
2193411,,RG 4-154,,CR030379,,,Guidelines for Therapeutic & Training Programs,05-Sep-75,,,110.56 KB of textual records (.pdf),Electronic records,,Restricted. Please contact a Reference Archivist for more information.,,Manual/Policy ; 2,,Y,," :"" "":"" "":",,
1815296,,RG 10-386,,,,MOH,Ministry of Health - Victoria Hospital - Emergency Electrical Generators,1993,,,1 file of textual records,textual records,,,,,,Y,2013," :""B439467"":""Y"":",,
1771444,,F 4655-1,F 4655-1-0-278,70-1395,,,Ontario Milk Marketing Board - Exhibit - Western Fair,"Sept. 11, 1970",,,"5 photographs : 5 colour negatives, ",Graphic materials,,118,,,,Y,," :""B862765"":""Y"":",,
1777832,,F 4655-1,F 4655-1-0-6665,80-7795,,,Keeprite Incorporated - Canadian Environmental Exposition (CEX) Show,"Mar. 26, 1980",,,"15 photographs : 9 colour negatives, 6 black and white negatives, ",Graphic materials,,114,,,,Y,," :""B862914"":""Y"":",,
1742362,,F 138-13,F 138-13-0-457,,,Vice-president,Confidential envelopes,1956,,,1 file of textual records,Textual records,,1980-01195/67,,,,Y,1986," :""B245172"":""Y"":",,
1788977,,F 4655-1,F 4655-1-0-17810,90-8940,,,Genin Trudeau - Gift and Tableware Show,"Aug. 12, 1990",,,"5 photographs : 5 colour negatives, ",,,111,,,,Y,," :""B862836"":""Y"":",,
